{"cameraMode":{"drawMode":0,"name":"Shaded","section":"Shading Mode"},"sceneLighting":true,"audioPlay":false,"sceneViewState":{"m_AlwaysRefresh":false,"showFog":true,"showSkybox":true,"showFlares":true,"showImageEffects":true,"showParticleSystems":true,"showVisualEffectGraphs":true,"m_FxEnabled":true},"in2DMode":false,"pivot":{"x":-19.208372116088868,"y":-0.032280683517456058,"z":9.115734100341797},"rotation":{"x":-0.03524406999349594,"y":0.2395843267440796,"z":-0.00870152935385704,"w":-0.9702083468437195},"size":12.49144172668457,"orthographic":false}