{"cameraMode":{"drawMode":0,"name":"Shaded","section":"Shading Mode"},"sceneLighting":false,"audioPlay":false,"sceneViewState":{"m_AlwaysRefresh":false,"showFog":false,"showSkybox":false,"showFlares":false,"showImageEffects":false,"showParticleSystems":false,"showVisualEffectGraphs":true,"m_FxEnabled":true},"in2DMode":false,"pivot":{"x":0.17545177042484284,"y":0.044476211071014407,"z":0.2037634253501892},"rotation":{"x":0.045634977519512179,"y":-0.9502108097076416,"z":0.25869691371917727,"w":0.16762053966522218},"size":0.6505142450332642,"orthographic":false}